"Variable","Metric","<=6","7-12","13-18","19-24","25-30","31-36","37-42","43-48","49-54",">54",">36","<=25","26-39","40-59","60-64",">=65",">=60","1","2","3","4","1_2"
"Duration Group (dlaufzeit)","Empir. logits",1.87,1.12,0.81,0.93,0.62,0.24,2.08,-0.36,0,0,,,,,,,,,,,,
"Duration Group (dlaufzeit)","n",60,187,130,163,40,59,9,39,2,10,,,,,,,,,,,,
"Duration Group (dlaufzeit)","L",1.13,0.79,0.44,0.59,-0.03,-0.27,0,-1,-2.77,-1.24,,,,,,,,,,,,
"Duration Group (dlaufzeit)","U",2.61,1.45,1.18,1.27,1.27,0.75,4.16,0.28,2.77,1.24,,,,,,,,,,,,
"Merged Duration (dlaufzeit_merged)","Empir. logits",1.87,1.12,0.81,0.93,0.62,0.24,,,,,0,,,,,,,,,,,
"Merged Duration (dlaufzeit_merged)","n",60,187,130,163,40,59,,,,,60,,,,,,,,,,,
"Merged Duration (dlaufzeit_merged)","L",1.13,0.79,0.44,0.59,-0.03,-0.27,,,,,-0.51,,,,,,,,,,,
"Merged Duration (dlaufzeit_merged)","U",2.61,1.45,1.18,1.27,1.27,0.75,,,,,0.51,,,,,,,,,,,
"Age Group (dalter)","Empir. logits",,,,,,,,,,,,0.34,0.95,1.03,1.28,0.69,,,,,,
"Age Group (dalter)","n",,,,,,,,,,,,132,362,167,23,15,,,,,,
"Age Group (dalter)","L",,,,,,,,,,,,-0.01,0.72,0.69,0.29,-0.38,,,,,,
"Age Group (dalter)","U",,,,,,,,,,,,0.69,1.18,1.37,2.27,1.76,,,,,,
"Merged Age (dalter_merged)","Empir. logits",,,,,,,,,,,,0.34,0.95,1.03,,,1.03,,,,,
"Merged Age (dalter_merged)","n",,,,,,,,,,,,132,362,167,,,38,,,,,
"Merged Age (dalter_merged)","L",,,,,,,,,,,,-0.01,0.72,0.69,,,0.31,,,,,
"Merged Age (dalter_merged)","U",,,,,,,,,,,,0.69,1.18,1.37,,,1.75,,,,,
"Occupation (beruf)","Empir. logits",,,,,,,,,,,,,,,,,,0.47,0.85,0.94,0.52,
"Occupation (beruf)","n",,,,,,,,,,,,,,,,,,13,140,444,102,
"Occupation (beruf)","L",,,,,,,,,,,,,,,,,,-0.65,0.49,0.73,0.12,
"Occupation (beruf)","U",,,,,,,,,,,,,,,,,,1.59,1.21,1.15,0.92,
"Merged Occupation (beruf_merged)","Empir. logits",,,,,,,,,,,,,,,,,,,,0.94,0.52,0.81
"Merged Occupation (beruf_merged)","n",,,,,,,,,,,,,,,,,,,,444,102,153
"Merged Occupation (beruf_merged)","L",,,,,,,,,,,,,,,,,,,,0.73,0.12,0.47
"Merged Occupation (beruf_merged)","U",,,,,,,,,,,,,,,,,,,,1.15,0.92,1.15
