"term","estimate","odds_ratio","conf_low","conf_high"
"(Intercept)",-0.433956791485883,0.647940251416015,0.261103937312069,1.55621097507
"moral1",0.434202327862856,1.54373117635083,0.513436802253037,4.70010076851497
"moral2",1.20131056430845,3.32447100200259,1.52634762144073,7.56980025578911
"moral3",0.87918148507153,2.40892715640741,0.945877202933546,6.37278211502081
"moral4",1.72399623486944,5.60689020327538,2.44928121782181,13.3861120538813
"laufkont2",0.451648674882082,1.57089995500679,1.02092903327166,2.42768478240417
"laufkont3",0.816817921307693,2.26328641131015,1.07531316081463,5.07695848508007
"laufkont4",1.70655830043552,5.50996516187165,3.46343130048967,8.9166441479351
"laufzeit",-0.0303877817347865,0.970069285451778,0.955882596090403,0.984225938266482
